{ "Format": "1.24.0",	
	
	
	"ConfigSchema": 	{  	"Treehouse Layout": 	{  "Default": "Default"},},	 
	
	
 "CustomLocations": [
	 
{ "Name": "Custom_KidsTreeHouse",	
    "FromMapFile": "assets/kidsTreeHouse.tmx",
   "MigrateLegacyNames": [ "KidsTreeHouse" ]}, ],  
 
  "Changes": [ 	 
	  
{   "Action": "EditMap",
    "Target": "Maps/Custom_KidsTreeHouse",	  
    "FromFile": "assets/kidsTreeHouse{{Treehouse Layout}}.tmx",	 
	"PatchMode": "Replace",
	"When": {"HasFile:{{FromFile}}": true}},  
	  
{   "Action": "EditMap",
     "Target": "Maps/Town",	  
     "FromFile": "assets/Town.tmx",	 
	"PatchMode": "Overlay",
     "ToArea": { "X": 47, "Y": 30, "Width": 2, "Height": 2 }},

{   "Action": "EditMap",
     "Target": "Maps/Town",
	 "When": { "HasMod": "FlashShifter.StardewValleyExpandedCP"},	  
     "FromFile": "assets/TownSVE.tmx",	 
	"PatchMode": "Overlay",
     "ToArea": { "X": 47, "Y": 30, "Width": 2, "Height": 2 }},

{   "Action": "EditMap",
     "Target": "Maps/Town",
	 "When": { "HasMod": "DaisyNiko.SVR3"},	  
     "FromFile": "assets/TownR3.tmx",	 
	"PatchMode": "Overlay",
     "ToArea": { "X": 47, "Y": 30, "Width": 2, "Height": 2 }},

{  "Action": "EditMap",
    "Target": "Maps/Town", 
    "TextOperations": [     {
      "Operation": "Append",
      "Target": [ "MapProperties", "Warp" ],
      "Value": "47 32 Custom_KidsTreeHouse 6 8",
      "Delimiter": " "     }   ]}, 

{	 "Action": "EditData",
     "Target": "Strings/StringsFromMaps",
     "Entries": { 
		 "treehousemessage.1":  "{{i18n:treehousemessage.1}}",
	  	 "treehousemessage.2":  "{{i18n:treehousemessage.2}}",
	  	 "treehousemessage.3":  "{{i18n:treehousemessage.3}}",
	  	 "treehousemessage.4":  "{{i18n:treehousemessage.4}}",
	  	 "treehousemessage.5":  "{{i18n:treehousemessage.5}}",
	  	 "treehousemessage.6":  "{{i18n:treehousemessage.6}}"	 }},


{"LogName": "Vincent Schedual changes",
            "Action": "Include",
            "FromFile": "assets/Schedual/Vincent.json",
	"When": { "HasFile:{{FromFile}}": true },}, 

{"LogName": "Jas Schedual changes",
            "Action": "Include",
            "FromFile": "assets/Schedual/Jas.json",
	"When": { "HasFile:{{FromFile}}": true },}, 

{"LogName": "Eloise Schedual changes",
            "Action": "Include",
            "FromFile": "assets/Schedual/Eloise.json",
	"When": { "HasFile:{{FromFile}}": true },}, 

{"LogName": "RSV",
            "Action": "Include",
            "FromFile": "assets/Schedual/RSV.json",
	"When": { "HasFile:{{FromFile}}": true },}, 

{"LogName": "Fill the school ",
            "Action": "Include",
            "FromFile": "assets/Schedual/FTS.json",
	"When": { "HasFile:{{FromFile}}": true },}, 

{"LogName": "LittleNPC",
            "Action": "Include",
            "FromFile": "assets/Schedual/LittleNPC.json",
	"When": { "HasFile:{{FromFile}}": true },}, 

{"LogName": "Stardew Kids Expansion",
            "Action": "Include",
            "FromFile": "assets/Schedual/SKE.json",
	"When": { "HasFile:{{FromFile}}": true },}, 

{"LogName": "Custom",
            "Action": "Include",
            "FromFile": "assets/Schedual/Custom.json",
	"When": { "HasFile:{{FromFile}}": true },}, 

  ]}
