{
	"Format": "1.7",

		"ConfigSchema": 
		{
		"Axe": {"AllowValues": "with, without",
		"Default": "without"},

	
		"Color": {"AllowValues": "black, purple",
		"Default": "black"},


		"Return Scepter": {"AllowValues": "on, off",
		"Default": "on"}
		},

	
	"Changes": [
		//TileSheets
		{
			"LogName": "tool black with 1",
			"Action": "EditImage",
			"PatchMode": "Replace",
			"Target": "TileSheets/tools",
			"FromFile": "with.png",
			"FromArea": {"X":96, "Y":0, "Width":112, "Height":16},
			"ToArea": {"X":96, "Y":0, "Width":112, "Height":16},
				 "When": {"Axe": "with", "Color": "black"}
  },
		{
			"LogName": "tool black with 2",
			"Action": "EditImage",
			"PatchMode": "Replace",
			"Target": "TileSheets/tools",
			"FromFile": "with.png",
			"FromArea": {"X":0, "Y":16, "Width":336, "Height":368},
			"ToArea": {"X":0, "Y":16, "Width":336, "Height":368},
				"When": {"Axe": "with", "Color": "black"}
  },
{
	"LogName": "tool black without 1",
	"Action": "EditImage",
	"PatchMode": "Replace",
	"Target": "TileSheets/tools",
	"FromFile": "without.png",
	"FromArea": {"X":96, "Y":0, "Width":112, "Height":16},
	"ToArea": {"X":96, "Y":0, "Width":112, "Height":16},
		 "When": {"Axe": "without", "Color": "black"}
},
{
	"LogName": "tool black without 2",
	"Action": "EditImage",
	"PatchMode": "Replace",
	"Target": "TileSheets/tools",
	"FromFile": "without.png",
	"FromArea": {"X":0, "Y":16, "Width":336, "Height":368},
	"ToArea": {"X":0, "Y":16, "Width":336, "Height":368},
		"When": {"Axe": "without", "Color": "black"}
},
{
	"LogName": "tool purple with 1",
	"Action": "EditImage",
	"PatchMode": "Replace",
	"Target": "TileSheets/tools",
	"FromFile": "with_purple.png",
	"FromArea": {"X":96, "Y":0, "Width":112, "Height":16},
	"ToArea": {"X":96, "Y":0, "Width":112, "Height":16},
		 "When": {"Axe": "with", "Color": "purple"}
},
{
	"LogName": "tool purple with 2",
	"Action": "EditImage",
	"PatchMode": "Replace",
	"Target": "TileSheets/tools",
	"FromFile": "with_purple.png",
	"FromArea": {"X":0, "Y":16, "Width":336, "Height":368},
	"ToArea": {"X":0, "Y":16, "Width":336, "Height":368},
		"When": {"Axe": "with", "Color": "purple"}
},
{
"LogName": "tool purple without 1",
"Action": "EditImage",
"PatchMode": "Replace",
"Target": "TileSheets/tools",
"FromFile": "without_purple.png",
"FromArea": {"X":96, "Y":0, "Width":112, "Height":16},
"ToArea": {"X":96, "Y":0, "Width":112, "Height":16},
 "When": {"Axe": "without", "Color": "purple"}
},
{
"LogName": "tool purple without 2",
"Action": "EditImage",
"PatchMode": "Replace",
"Target": "TileSheets/tools",
"FromFile": "without_purple.png",
"FromArea": {"X":0, "Y":16, "Width":336, "Height":368},
"ToArea": {"X":0, "Y":16, "Width":336, "Height":368},
"When": {"Axe": "without", "Color": "purple"}
},
  
		{
			"LogName": "scythe1",
			"Action": "EditImage",
			"PatchMode": "Replace",
			"Target": "TileSheets/weapons",
			"FromFile": "weapons.png",
			"FromArea": {"X":112, "Y":80, "Width":16, "Height":16},
			"ToArea": {"X":112, "Y":80, "Width":16, "Height":16},
			"When": {"Color": "black"}

  },
		{
			"LogName": "scythe2",
			"Action": "EditImage",
			"PatchMode": "Replace",
			"Target": "TileSheets/weapons",
			"FromFile": "weapons.png",
			"FromArea": {"X":80, "Y":96, "Width":16, "Height":16},
			"ToArea": {"X":80, "Y":96, "Width":16, "Height":16},
			"When": {"Color": "black"}
			 },
			 {
				"LogName": "scythep1",
				"Action": "EditImage",
				"PatchMode": "Replace",
				"Target": "TileSheets/weapons",
				"FromFile": "weapons_purple.png",
				"FromArea": {"X":112, "Y":80, "Width":16, "Height":16},
				"ToArea": {"X":112, "Y":80, "Width":16, "Height":16},
				"When": {"Color": "purple"}
	
	  },
			{
				"LogName": "scythep2",
				"Action": "EditImage",
				"PatchMode": "Replace",
				"Target": "TileSheets/weapons",
				"FromFile": "weapons_purple.png",
				"FromArea": {"X":80, "Y":96, "Width":16, "Height":16},
				"ToArea": {"X":80, "Y":96, "Width":16, "Height":16},
				"When": {"Color": "purple"}
			},
			{
				"LogName": "return scepter",
				"Action": "EditImage",
				"PatchMode": "Replace",
				"Target": "TileSheets/tools",
				"FromFile": "return scepter.png",
				"FromArea": {"X":0, "Y":0, "Width":16, "Height":16},
				"ToArea": {"X":32, "Y":0, "Width":16, "Height":16},
					 "When": {"Return Scepter": "on"}
	  }
]
}